City,Country,Lat,Lng
Tokyo,Japan,35.6870,139.7495
Jakarta,Indonesia,-6.1750,106.8275
Delhi,India,28.6100,77.2300
Guangzhou,China,23.1300,113.2600
Mumbai,India,19.0761,72.8775
Manila,Philippines,14.5958,120.9772
Shanghai,China,31.2286,121.4747
Sao Paulo,Brazil,-23.5504,-46.6339
Seoul,"Korea, South",37.5667,126.9833
Mexico City,Mexico,19.4333,-99.1333
Kolkata,India,22.5675,88.3700
Cairo,Egypt,30.0444,31.2358
Karachi,Pakistan,24.8600,67.0100
Dhaka,Bangladesh,23.7289,90.3944
New York,United States,40.6943,-73.9249
Beijing,China,39.9067,116.3975
Bangkok,Thailand,13.7525,100.4942
Shenzhen,China,22.5415,114.0596
Moscow,Russia,55.7506,37.6175
Buenos Aires,Argentina,-34.6036,-58.3814
Lagos,Nigeria,6.4550,3.3841
Bangalore,India,12.9789,77.5917
Ho Chi Minh City,Vietnam,10.7756,106.7019
Osaka,Japan,34.6939,135.5022
Chengdu,China,30.6600,104.0633
Istanbul,Turkey,41.0136,28.9550
Tehran,Iran,35.6889,51.3897
Kinshasa,Congo (Kinshasa),-4.3219,15.3119
Rio de Janeiro,Brazil,-22.9111,-43.2056
Chennai,India,13.0825,80.2750
Xi'an,China,34.2611,108.9422
Lahore,Pakistan,31.5497,74.3436
Chongqing,China,29.5637,106.5504
Los Angeles,United States,34.1141,-118.4068
London,United Kingdom,51.5072,-0.1275
Paris,France,48.8567,2.3522
Linyi,China,35.1038,118.3564
Dongguan,China,23.0210,113.7520
Baoding,China,38.8740,115.4640
Hyderabad,India,17.3617,78.4747
Tianjin,China,39.1336,117.2054
Lima,Peru,-12.0600,-77.0375
Wuhan,China,30.5934,114.3046
Nanyang,China,32.9902,112.5285
Hangzhou,China,30.2670,120.1530
Nagoya,Japan,35.1833,136.9000
Luanda,Angola,-8.8383,13.2344
Foshan,China,23.0214,113.1216
Kuala Lumpur,Malaysia,3.1686,101.6980
Zhoukou,China,33.6367,114.7014
Tongshan,China,34.2610,117.1859
Hanoi,Vietnam,21.0000,105.8500
Chicago,United States,41.8375,-87.6866
Nanjing,China,32.0608,118.7789
Heze,China,35.2343,115.4796
Pune,India,18.5203,73.8567
Jining,China,35.4151,116.5871
Bogota,Colombia,4.7111,-74.0722
Ahmedabad,India,23.0225,72.5714
Shenyang,China,41.8025,123.4281
Dar es Salaam,Tanzania,-6.8161,39.2803
Khartoum,Sudan,15.6031,32.5265
Johannesburg,South Africa,-26.2044,28.0456
Fuyang,China,32.8900,115.8140
Hong Kong,Hong Kong,22.3000,114.2000
Ganzhou,China,25.8310,114.9330
Shangqiu,China,34.4150,115.6560
Cangzhou,China,38.3047,116.8387
Riyadh,Saudi Arabia,24.6500,46.7100
Santiago,Chile,-33.4372,-70.6506
Zhumadian,China,33.0140,114.0220
Zhanjiang,China,21.2701,110.3575
Rangoon,Burma,16.7950,96.1600
Yancheng,China,33.3500,120.1569
Bijie,China,27.2840,105.2920
Xingtai,China,37.0717,114.5048
Hengyang,China,26.8940,112.5720
Shaoyang,China,27.2395,111.4679
Surabaya,Indonesia,-7.2458,112.7378
Surat,India,21.2050,72.8400
Quanzhou,China,24.8744,118.6757
Shangrao,China,28.4551,117.9431
Zunyi,China,27.7220,107.0310
Madrid,Spain,40.4169,-3.7033
Baghdad,Iraq,33.3153,44.3661
Maoming,China,21.6627,110.9255
Miami,United States,25.7840,-80.2101
Xinyang,China,32.1490,114.0910
Houston,United States,29.7860,-95.3885
Singapore,Singapore,1.3000,103.8000
Prayagraj,India,25.4358,81.8464
Huanggang,China,30.4537,114.8724
Dalian,China,38.9000,121.6000
Ankara,Turkey,39.9300,32.8500
Dallas,United States,32.7935,-96.7667
Qingdao,China,36.0669,120.3827
Yulin,China,22.6540,110.1810
Liaocheng,China,36.4559,115.9852
Douala,Cameroon,4.0500,9.7000
Qujing,China,25.4910,103.7960
Nangandao,China,35.3036,113.9268
Addis Ababa,Ethiopia,9.0300,38.7400
Philadelphia,United States,40.0077,-75.1339
Toronto,Canada,43.7417,-79.3733
Zhengzhou,China,34.7640,113.6840
Nanchong,China,30.8372,106.1106
Jinan,China,36.6702,117.0207
Giza,Egypt,29.9870,31.2118
Saint Petersburg,Russia,59.9375,30.3086
Jieyang,China,23.5510,116.3727
Dezhou,China,37.4360,116.3590
Nairobi,Kenya,-1.2864,36.8172
Guadalajara,Mexico,20.6767,-103.3475
Tai'an,China,36.2020,117.0870
Dazhou,China,31.2093,107.4678
Belo Horizonte,Brazil,-19.9281,-43.9419
Suzhou,China,33.6480,116.9640
Monterrey,Mexico,25.6844,-100.3181
Yongzhou,China,26.4200,111.6130
Changde,China,29.0310,111.6990
Xiangyang,China,32.0100,112.1220
Atlanta,United States,33.7628,-84.4220
Pudong,China,31.2347,121.5064
Washington,United States,38.9047,-77.0163
Zhaotong,China,27.3380,103.7170
Zhangzhou,China,24.5130,117.6470
Yueyang,China,29.3647,113.1309
Melbourne,Australia,-37.8142,144.9631
Yichun,China,27.8160,114.4170
Abidjan,Côte d’Ivoire,5.3364,-4.0267
Guilin,China,25.2750,110.2960
Pingdingshan,China,33.7666,113.1926
Alexandria,Egypt,31.1975,29.8925
Bozhou,China,33.8463,115.7786
Sydney,Australia,-33.8667,151.2000
Barcelona,Spain,41.3833,2.1833
Yuncheng,China,35.0267,111.0070
Cape Town,South Africa,-33.9253,18.4239
Changsha,China,28.2280,112.9390
Suqian,China,33.9630,118.2750
Jeddah,Saudi Arabia,21.5428,39.1728
Weinan,China,34.5206,109.4710
Berlin,Germany,52.5200,13.4050
Chenzhou,China,25.7700,113.0160
Jiangmen,China,22.5789,113.0815
Mianyang,China,31.4680,104.6790
Jiujiang,China,29.6610,115.9540
Huaihua,China,27.5698,110.0016
Huanglongsi,China,34.7950,114.3450
Taizhou,China,32.4567,119.9229
Belahi,India,26.4000,86.2500
Yibin,China,28.7520,104.6430
Ji'an,China,27.0912,114.9668
Yangzhou,China,32.3944,119.4128
Kunming,China,25.0464,102.7094
Changchun,China,43.8970,125.3260
Lu'an,China,31.7360,116.5200
Xinpu,China,34.5966,119.2214
Langfang,China,39.5383,116.6835
Boston,United States,42.3188,-71.0852
Urumqi,China,43.8225,87.6125
Suzhou,China,31.3000,120.6194
Guigang,China,23.1120,109.5990
Shantou,China,23.3540,116.6820
Jiangguanchi,China,34.0370,113.8520
Kabul,Afghanistan,34.5253,69.1783
Xiaoganzhan,China,30.9180,113.9570
Bamako,Mali,12.6458,-7.9922
Kano,Nigeria,12.0000,8.5167
Luzhou,China,28.8710,105.4420
Hefei,China,31.8206,117.2273
Hengshui,China,37.7390,115.6690
Fortaleza,Brazil,-3.7275,-38.5275
Anqing,China,30.5318,117.1153
Zhangjiakou,China,40.7690,114.8860
Zhaoqing,China,23.0500,112.4667
Shijiazhuang,China,38.0425,114.5100
Ningbo,China,29.8603,121.6245
Qiqihar,China,47.3549,123.9182
Phoenix,United States,33.5722,-112.0892
Liuzhou,China,24.3278,109.4278
Chifeng,China,42.2550,118.8825
Xiaoxita,China,30.6920,111.2870
Amman,Jordan,31.9497,35.9328
Linfen,China,36.0880,111.5190
Xianyang,China,34.3299,108.7088
Chuzhou,China,32.2560,118.3330
Kumasi,Ghana,6.7000,-1.6250
Zhuzhou,China,27.8290,113.1330
Taiyuan,China,37.8704,112.5497
Qingyuan,China,23.6820,113.0560
Meizhou,China,24.2890,116.1220
Yiyang,China,28.5549,112.3560
Nanning,China,22.8167,108.3275
Harbin,China,45.7576,126.6409
Loudi,China,27.6998,111.9944
Abuja,Nigeria,9.0667,7.4833
Yokohama,Japan,35.4442,139.6381
Suihua,China,46.6540,126.9690
Binzhou,China,37.3830,117.9710
Zaozhuang,China,34.8109,117.3238
Detroit,United States,42.3834,-83.1024
Xiamen,China,24.4796,118.0889
Mashhad,Iran,36.3264,59.5433
Montreal,Canada,45.5089,-73.5617
Fuzhou,China,26.0743,119.2964
Wuhu,China,31.3526,118.4331
Medan,Indonesia,3.5894,98.6739
Yulinshi,China,38.2858,109.7341
Fuzhou,China,27.9490,116.3580
Wenzhou,China,27.9938,120.6993
Changzhou,China,31.8110,119.9740
Puyang,China,35.7627,115.0292
Nanchang,China,28.6830,115.8580
Baicheng,China,23.9030,106.6190
Seattle,United States,47.6211,-122.3244
Ibadan,Nigeria,7.3964,3.9167
Jiaozuo,China,35.2157,113.2419
Nadampalaiyam,India,11.0125,76.9714
Deyang,China,31.1270,104.3980
Busan,"Korea, South",35.1800,129.0750
Hechi,China,24.6930,108.0850
Tangshan,China,39.6294,118.1739
Lucknow,India,26.8500,80.9500
San Francisco,United States,37.7558,-122.4449
Boankra,Ghana,6.6919,-1.4051
Dubai,United Arab Emirates,25.2631,55.2972
Anshan,China,41.1080,122.9940
Guozhen,China,34.3609,107.1751
Baojishi,China,34.3630,107.2380
Qinzhou,China,21.9810,108.6540
Guiyang,China,26.6470,106.6300
Wuxi,China,31.5667,120.2833
Kannankulam,India,10.5200,76.2100
Caracas,Venezuela,10.4806,-66.9036
Kotla Qasim Khan,Pakistan,32.5833,73.7500
Casablanca,Morocco,33.5333,-7.5833
Hanzhong,China,33.0664,107.0232
Shiyan,China,32.6290,110.7987
Guang'an,China,30.4564,106.6326
Faisalabad,Pakistan,31.4167,73.0911
Changzhi,China,36.1950,113.1170
Tongren,China,27.7316,109.1895
Bengbu,China,32.9170,117.3890
Leshan,China,29.5520,103.7660
Santa Cruz de la Sierra,Bolivia,-17.7892,-63.1975
Neijiang,China,29.5802,105.0580
Zhenjiang,China,32.1880,119.4240
Qinhuangdao,China,39.8882,119.5202
Bursa,Turkey,40.1833,29.0500
Tashkent,Uzbekistan,41.3111,69.2797
Guayaquil,Ecuador,-2.1900,-79.8875
Jaipur,India,26.9000,75.8000
Lanzhou,China,36.0606,103.8268
Ouagadougou,Burkina Faso,12.3686,-1.5275
Athens,Greece,37.9842,23.7281
San Diego,United States,32.8313,-117.1222
Guatemala City,Guatemala,14.6417,-90.5133
Kuwait City,Kuwait,29.3697,47.9783
Qincheng,China,34.5815,105.7248
Izmir,Turkey,38.4200,27.1400
Quezon City,Philippines,14.6500,121.0475
Kyiv,Ukraine,50.4500,30.5233
Kottarassheri,India,10.7750,76.6510
Meishan,China,30.0771,103.8484
Incheon,"Korea, South",37.4833,126.6333
Ningde,China,26.6662,119.5477
Zhongshan,China,22.5170,113.3925
Minneapolis,United States,44.9635,-93.2678
Tampa,United States,27.9945,-82.4447
Putian,China,25.4526,119.0078
Mbuji-Mayi,Congo (Kinshasa),-6.1500,23.6000
Tongliao,China,43.6540,122.2430
Chaoyang,China,41.5710,120.4530
Hohhot,China,40.8420,111.7490
Pyongyang,"Korea, North",39.0167,125.7475
Shaoguan,China,24.8110,113.5970
Taichung,Taiwan,24.1439,120.6794
Cali,Colombia,3.4206,-76.5222
Heyuan,China,23.7443,114.7002
Wuzhou,China,23.4767,111.2790
Pretoria,South Africa,-25.7461,28.1881
Suining,China,30.5330,105.5930
Omdurman,Sudan,15.6835,32.4629
Weihai,China,37.5133,122.1205
Rizhao,China,35.4170,119.5270
Malang,Indonesia,-7.9800,112.6200
Stuttgart,Germany,48.7775,9.1800
Daqing,China,46.5890,125.1040
Rome,Italy,41.8931,12.4828
Kaohsiung,Taiwan,22.6150,120.2975
Brooklyn,United States,40.6501,-73.9496
Xiangtan,China,27.8313,112.9454
Bazhou,China,31.8680,106.7480
Handan,China,36.6010,114.4870
Brisbane,Australia,-27.4678,153.0281
Jinzhou,China,41.1290,121.1480
Denver,United States,39.7620,-104.8758
Xinzhou,China,38.4160,112.7340
Nanping,China,26.6418,118.1774
Gazipura,Bangladesh,23.9234,90.3959
Shanwei,China,22.7872,115.3756
Maracaibo,Venezuela,10.6333,-71.6333
Chaozhou,China,23.6580,116.6220
Baotou,China,40.6213,109.9532
Longyan,China,25.0760,117.0170
Weifang,China,36.7080,119.1620
Huai'an,China,33.5510,119.1130
Zibo,China,36.8138,118.0550
Attadappa,India,11.8689,75.3555
Munich,Germany,48.1375,11.5750
Gulou,China,26.0865,119.2980
Birmingham,United Kingdom,52.4800,-1.9025
Valencia,Venezuela,10.1833,-68.0000
Damascus,Syria,33.5020,36.2981
Chattogram,Bangladesh,22.3350,91.8325
Brazzaville,Congo (Brazzaville),-4.2667,15.2667
Yangjiang,China,21.8570,111.9830
Sanaa,Yemen,15.3483,44.2064
Barmhan Kalan,India,19.1972,72.9722
Medellin,Colombia,6.2308,-75.5906
Dingxi,China,35.6080,104.5920
Shaoxing,China,30.0511,120.5833
Yantai,China,37.4646,121.4478
Huizhou,China,23.1120,114.4160
Xuanzhou,China,30.9390,118.7590
Mirzapur,India,25.1460,82.5690
Hamburg,Germany,53.5500,10.0000
Taipei,Taiwan,25.0375,121.5625
Ankang,China,32.6854,109.0290
Zigong,China,29.3390,104.7790
Sanming,China,26.2634,117.6389
Toluca,Mexico,19.2925,-99.6569
Huangshi,China,30.2011,115.0390
Yaounde,Cameroon,3.8667,11.5167
Zhuhai,China,22.2742,113.5719
Huludao,China,40.7110,120.8370
Baoshan,China,25.1120,99.1610
Mecca,Saudi Arabia,21.4225,39.8261
Vancouver,Canada,49.2500,-123.1000
Lianshan,China,40.7523,120.8280
Beirut,Lebanon,33.8981,35.5058
Salvador,Brazil,-12.9831,-38.4928
Bucharest,Romania,44.4325,26.1039
Longba,China,33.3702,104.9603
Nagpur,India,21.1497,79.0806
Queens,United States,40.7498,-73.7976
Tieling,China,42.2237,123.7260
Yunfu,China,22.9152,112.0445
Bekasi,Indonesia,-6.2333,107.0000
Daegu,"Korea, South",35.8717,128.6017
Ghaziabad,India,28.6700,77.4200
Luoyang,China,34.6197,112.4539
Luohe,China,33.5804,114.0166
Algiers,Algeria,36.7325,3.0872
Anshun,China,26.2531,105.9476
Huainan,China,32.6314,117.0194
Depok,Indonesia,-6.3940,106.8225
Konya,Turkey,37.8667,32.4833
Haiphong,Vietnam,20.8651,106.6838
Yanjiang,China,30.1290,104.6270
Guangyuan,China,32.4360,105.8440
Baku,Azerbaijan,40.3667,49.8352
Yingkou,China,40.6250,122.2190
Mudanjiang,China,44.5514,129.6329
Riverside,United States,33.9381,-117.3949
Fukuoka,Japan,33.5900,130.4017
Nantong,China,31.9810,120.8940
Lincang,China,23.8840,100.0890
Las Vegas,United States,36.2333,-115.2654
Haikou,China,20.0186,110.3488
Yuxi,China,24.3470,102.5270
Tangerang,Indonesia,-6.1703,106.6403
Supaul,India,26.1260,86.6050
Almaty,Kazakhstan,43.2400,76.9150
Vienna,Austria,48.2083,16.3725
Esfahan,Iran,32.6653,51.6703
Xining,China,36.6224,101.7804
Jincheng,China,35.4910,112.8520
Baltimore,United States,39.3051,-76.6144
Dandong,China,40.1167,124.3833
Yan'an,China,36.6500,109.4940
Qinbaling,China,35.7091,107.6436
Gaoping,China,30.7824,106.1281
Awka,Nigeria,6.2069,7.0678
Taizhou,China,28.6557,121.4208
Ma'anshan,China,31.6690,118.5070
Jiamusi,China,46.8000,130.3190
Perth,Australia,-31.9558,115.8597
Gaziantep,Turkey,37.0628,37.3792
Phnom Penh,Cambodia,11.5696,104.9210
St. Louis,United States,38.6359,-90.2451
Mogadishu,Somalia,2.0392,45.3419
Lishui,China,28.4680,119.9230
Kowloon,Hong Kong,22.3167,114.1833
Cordoba,Argentina,-31.4167,-64.1833
Zamboanga City,Philippines,6.9042,122.0761
Rawalpindi,Pakistan,33.6000,73.0333
Havana,Cuba,23.1367,-82.3589
Chongzuo,China,22.3770,107.3650
Portland,United States,45.5371,-122.6500
Laibin,China,23.7501,109.2212
San Antonio,United States,29.4632,-98.5238
Vadodara,India,22.3000,73.2000
Qingyang,China,24.7816,118.5517
Rajkot,India,22.3000,70.7833
Shangzhou,China,33.8734,109.9186
Vishakhapatnam,India,17.7042,83.2978
Shengli,China,37.4340,118.6746
Sanmenxia,China,34.7732,111.2004
Warsaw,Poland,52.2300,21.0111
Gujranwala,Pakistan,32.1567,74.1900
Hezhou,China,24.4042,111.5672
Aleppo,Syria,36.2319,37.1681
Tijuana,Mexico,32.5250,-117.0333
Puning,China,23.2980,116.1660
Indore,India,22.7167,75.8472
Minsk,Belarus,53.9006,27.5586
Karaj,Iran,35.8292,50.9675
Kananga,Congo (Kinshasa),-5.8970,22.4488
Huaibei,China,33.9560,116.7980
Peshawar,Pakistan,34.0144,71.5675
Sacramento,United States,38.5677,-121.4685
Sapporo,Japan,43.0619,141.3544
Tilburg,Netherlands,51.5572,5.0911
Austin,United States,30.3005,-97.7522
Orlando,United States,28.4773,-81.3370
Davao,Philippines,7.0700,125.6000
Songjiang,China,31.0058,121.2333
Yinchuan,China,38.4850,106.2250
Abhepur,India,39.4100,116.3800
Thane,India,19.1972,72.9722
Multan,Pakistan,30.1978,71.4697
Port Harcourt,Nigeria,4.8242,7.0336
Fushun,China,41.8810,123.9570
Tainan,Taiwan,22.9833,120.1833
Pingliang,China,35.5424,106.6649
Siping,China,43.1668,124.3506
San Juan,Puerto Rico,18.3985,-66.0610
Pingxiang,China,27.6590,113.8870
Bhopal,India,23.2599,77.4126
Mosul,Iraq,36.3667,43.1167
Diyarbakir,Turkey,37.9100,40.2400
Lubumbashi,Congo (Kinshasa),-11.6647,27.4794
Benin City,Nigeria,6.3333,5.6222
Curitiba,Brazil,-25.4297,-49.2719
San Jose,United States,37.3012,-121.8480
Shuyangzha,China,34.1299,118.7734
Adana,Turkey,37.0000,35.3213
Quito,Ecuador,-0.2200,-78.5125
Agra,India,27.1800,78.0200
Peyanvilai,India,8.9000,77.9833
Lusaka,Zambia,-15.4167,28.2833
Indianapolis,United States,39.7771,-86.1458
Hyderabad City,Pakistan,25.3792,68.3683
Pimpri-Chinchwad,India,18.6186,73.8037
Maracay,Venezuela,10.2469,-67.5961
Masqat,Oman,23.6140,58.5911
Montevideo,Uruguay,-34.9056,-56.1842
Pittsburgh,United States,40.4397,-79.9763
Cincinnati,United States,39.1413,-84.5060
Manhattan,United States,40.7834,-73.9662
Kansas City,United States,39.1238,-94.5541
Budapest,Hungary,47.4983,19.0408
Patna,India,25.5940,85.1376
Kampala,Uganda,0.3136,32.5811
Beihai,China,21.4810,109.1200
Sanzhou,China,30.8200,108.4000
Cleveland,United States,41.4764,-81.6805
Conakry,Guinea,9.5092,-13.7122
Ximeicun,China,24.9612,118.3849
Caloocan City,Philippines,14.6500,120.9700
Ecatepec,Mexico,19.6097,-99.0600
Yushan,China,31.3220,120.9850
Fuxin,China,42.0220,121.6700
Novosibirsk,Russia,55.0500,82.9500
Bilaspur,India,22.0900,82.1500
Semarang,Indonesia,-6.9900,110.4225
Jingdezhen,China,29.2917,117.1986
Ludhiana,India,30.9100,75.8500
Liaoyang,China,41.2790,123.1760
Jiangyin,China,31.8390,120.2950
Valencia,Spain,39.4700,-0.3764
Shuozhou,China,39.3317,112.4329
Leon de los Aldama,Mexico,21.1167,-101.6833
Columbus,United States,39.9862,-82.9855
Puebla,Mexico,19.0333,-98.1833
Bien Hoa,Vietnam,10.9500,106.8167
Chengtangcun,China,35.0833,117.1500
Yopougon,Côte d’Ivoire,5.3748,-4.0867
Hebi,China,35.7480,114.2970
Shiraz,Iran,29.6100,52.5425
Dushanbe,Tajikistan,38.5367,68.7800
Madurai,India,9.9252,78.1198
Huzhou,China,30.8925,120.0875
Harare,Zimbabwe,-17.8292,31.0522
Tabriz,Iran,38.0817,46.2992
Jamshedpur,India,22.7925,86.1842
Baicheng,China,45.6200,122.8380
San Jose,Costa Rica,9.9325,-84.0800
Shaoyang,China,32.9120,119.8526
San Salvador,El Salvador,13.6989,-89.1914
Palembang,Indonesia,-2.9861,104.7556
Kawasaki,Japan,35.5167,139.7000
Kobe,Japan,34.6900,135.1956
Jiaxing,China,30.7470,120.7560
Zhangjiajie,China,29.1170,110.4790
Baiyin,China,36.5451,104.1389
Guiping,China,23.4000,110.0833
Changshu,China,31.6560,120.7530
Jixi,China,45.2950,130.9690
Xushan,China,30.1667,121.2333
Lome,Togo,6.1308,1.2153
Niamey,Niger,13.5150,2.1175
Gwangju,"Korea, South",35.1653,126.8486
Recife,Brazil,-8.0539,-34.8808
Nasik,India,19.9975,73.7898
Abu Dhabi,United Arab Emirates,24.4667,54.3667
Onitsha,Nigeria,6.1667,6.7833
Amsterdam,Netherlands,52.3728,4.8936
Vijayawada,India,16.5193,80.6305
Zapopan,Mexico,20.7167,-103.4000
Daejeon,"Korea, South",36.3500,127.3850
Bronx,United States,40.8501,-73.8662
Auckland,New Zealand,-36.8492,174.7653
Yekaterinburg,Russia,56.8356,60.6128
Wuwei,China,37.9290,102.6380
Jinhua,China,29.0790,119.6470
Kyoto,Japan,35.0117,135.7683
Pizhou,China,34.3980,117.8900
Yangshe,China,31.8767,120.5560
Dakar,Senegal,14.6726,-17.4320
Charlotte,United States,35.2083,-80.8303
Yucheng,China,30.0100,103.0415
Kayseri,Turkey,38.7225,35.4875
Virginia Beach,United States,36.7335,-76.0435
Rui'an,China,27.7833,120.6250
Muscat,Oman,23.6139,58.5922
Kharkiv,Ukraine,49.9925,36.2311
Pointe-Noire,Congo (Brazzaville),-4.7975,11.8503
Medina,Saudi Arabia,24.4700,39.6100
Sangereng,Indonesia,-6.2889,106.7181
Faridabad,India,28.4211,77.3078
Sofia,Bulgaria,42.6979,23.3217
Ulaanbaatar,Mongolia,47.9214,106.9055
Adelaide,Australia,-34.9275,138.6000
Prague,Czechia,50.0875,14.4214
Wenling,China,28.3667,121.3667
Copenhagen,Denmark,55.6805,12.5615
Najafgarh,India,28.6125,76.9847
Lianjiang,China,21.7333,110.2833
Helsinki,Finland,60.1708,24.9375
Samsun,Turkey,41.2903,36.3336
Milan,Italy,45.4669,9.1900
Antalya,Turkey,36.8874,30.7075
Santiago,Dominican Republic,19.4572,-70.6889
Chizhou,China,30.6654,117.4916
Makassar,Indonesia,-5.1331,119.4136
Porto Alegre,Brazil,-30.0328,-51.2300
Huangshan,China,29.7149,118.3376
Gaozhou,China,21.9244,110.8422
Barranquilla,Colombia,10.9833,-74.8019
Al Basrah,Iraq,30.5150,47.8100
Benxi,China,41.3039,123.7649
Saitama,Japan,35.8614,139.6456
Ahvaz,Iran,31.3047,48.6783
Guarulhos,Brazil,-23.4667,-46.5333
Leizhou,China,20.9143,110.0967
Juarez,Mexico,31.7450,-106.4850
Mandalay,Burma,21.9831,96.0844
Yangquan,China,37.8571,113.5804
Fuqing,China,25.7167,119.3833
Xintai,China,35.9090,117.7680
Wusong,China,30.9450,117.8110
Tongling,China,30.9456,117.8114
Calgary,Canada,51.0500,-114.0667
Meerut,India,28.9800,77.7100
Jacksonville,United States,30.3322,-81.6749
Kuaidamao,China,41.7283,125.9397
Huazhou,China,21.6640,110.6396
Milwaukee,United States,43.0642,-87.9675
Wuzhong,China,37.9978,106.1986
Belem,Brazil,-1.4558,-48.5039
Cacuaco,Angola,-8.8053,13.2444
Rosario,Argentina,-32.9575,-60.6394
Tangier,Morocco,35.7767,-5.8039
Antananarivo,Madagascar,-18.9100,47.5250
Canagatan,Philippines,18.0000,121.8000
Soweto,South Africa,-26.2678,27.8585
Providence,United States,41.8230,-71.4187
Xiantao,China,30.3280,113.4430
Jabalpur,India,23.1667,79.9333
Huaiyin,China,33.5819,119.0280
Yutan,China,28.2780,112.5520
Kazan,Russia,55.7964,49.1089
Bagam,Indonesia,1.1300,104.0531
Dayan,China,26.8552,100.2259
Comayaguela,Honduras,14.0980,-87.2100
Brussels,Belgium,50.8467,4.3525
Laiwu,China,36.1833,117.6667
Huazhou,China,32.6880,112.0870
Sharjah,United Arab Emirates,25.3575,55.3908
Kalyan,India,19.2400,73.1300
Rucheng,China,32.2460,120.5910
Barquisimeto,Venezuela,10.0636,-69.3347
Yongcheng,China,33.9299,116.4500
Sumedang,Indonesia,-6.8400,107.9208
Can Tho,Vietnam,10.0333,105.7833
Suwon,"Korea, South",37.2667,127.0167
Yiwu,China,29.3069,120.0753
Vasai-Virar,India,19.4700,72.8000
Campinas,Brazil,-22.9009,-47.0573
Dadukou,China,26.5824,101.7184
Lingcheng,China,22.7080,110.3540
Shuangyashan,China,46.6762,131.1416
Nizhniy Novgorod,Russia,56.3269,44.0075
Panipat,India,29.3875,76.9700
Qom,Iran,34.6400,50.8764
Mombasa,Kenya,-4.0500,39.6667
Hargeysa,Somalia,9.5600,44.0650
Baidoa,Somalia,3.1167,43.6500
Varanasi,India,25.3189,83.0128
Hiroshima,Japan,34.3914,132.4519
Chiang Mai,Thailand,18.7953,98.9986
Belgrade,Serbia,44.8178,20.4569
Maiduguri,Nigeria,11.8372,13.1542
Kalleli,India,9.2807,76.8697
Batam Centre,Indonesia,1.1272,104.0556
Pingdu,China,36.7769,119.9884
Rongcheng,China,26.2180,104.1030
Mbandaka,Congo (Kinshasa),0.0478,18.2558
Xinyu,China,27.8186,114.9167
Doha,Qatar,25.2867,51.5333
Shymkent,Kazakhstan,42.3167,69.5958
Tripoli,Libya,32.8872,13.1914
Srinagar,India,34.0900,74.7900
Nashville,United States,36.1715,-86.7842
Chelyabinsk,Russia,55.1547,61.3758
Aurangabad,India,19.8800,75.3200
Cilacap,Indonesia,-7.7167,109.0170
Xinhualu,China,34.3964,113.7402
Salt Lake City,United States,40.7776,-111.9311
Guankou,China,28.1637,113.6433
Bandar Lampung,Indonesia,-5.4500,105.2667
Dhanbad,India,23.7998,86.4305
Nay Pyi Taw,Burma,19.7475,96.1150
Aba,Nigeria,5.1167,7.3667
Jingling,China,30.6640,113.1670
Zhuji,China,29.7167,120.2333
Tegucigalpa,Honduras,14.1057,-87.2040
Kigali,Rwanda,-1.9536,30.0606
Samara,Russia,53.2028,50.1408
Yingtan,China,28.2721,117.0395
Edmonton,Canada,53.5344,-113.4903
Raleigh,United States,35.8324,-78.6429
Bishkek,Kyrgyzstan,42.8667,74.5667
Bujumbura,Burundi,-3.3833,29.3667
Guyuan,China,36.0100,106.2570
Leiyang,China,26.4223,112.8598
Krasnodar,Russia,45.0333,38.9667
Rostov,Russia,47.2225,39.7100
Maputo,Mozambique,-25.9153,32.5764
Bukavu,Congo (Kinshasa),-2.5061,28.8608
Amritsar,India,31.6400,74.8600
Shagamu,Nigeria,6.8333,3.6500
Aligarh,India,27.8800,78.0800
Zhangye,China,38.9248,100.4499
Ufa,Russia,54.7261,55.9475
Santo Domingo,Dominican Republic,18.4764,-69.8933
Ulsan,"Korea, South",35.5500,129.3167
Rongcheng,China,29.8402,112.9048
Tbilisi,Georgia,41.7225,44.7925
Guwahati,India,26.1722,91.7458
Fes,Morocco,34.0433,-5.0033
Yingchuan,China,34.1420,113.4890
Ninh Binh,Vietnam,20.2500,105.8333
Yerevan,Armenia,40.1814,44.5144
Mwanza,Tanzania,-2.5167,32.9000
Omsk,Russia,54.9833,73.3667
Mexicali,Mexico,32.6633,-115.4678
Sevilla,Spain,37.3900,-5.9900
Ikare,Nigeria,7.5167,5.7500
Dingzhou,China,38.5160,114.9900
Tamale,Ghana,9.4075,-0.8533
Yuyao,China,30.0500,121.1500
Goiania,Brazil,-16.6806,-49.2564
Krasnoyarsk,Russia,56.0089,92.8719
Cologne,Germany,50.9364,6.9528
Ubungo,Tanzania,-6.7889,39.2056
Yicheng,China,31.3600,119.8150
Richmond,United States,37.5295,-77.4756
Kisangani,Congo (Kinshasa),0.5167,25.2000
Ezhou,China,30.3914,114.8949
Astana,Kazakhstan,51.1472,71.4222
Zhufeng,China,36.0000,119.4167
Nezahualcoyotl,Mexico,19.4081,-99.0186
Nouakchott,Mauritania,18.0858,-15.9785
Haora,India,22.5800,88.3294
Tongjin,"Korea, South",37.2333,127.2000
Ranchi,India,23.3600,85.3300
Ciudad Nezahualcoyotl,Mexico,19.4006,-99.0148
Gwalior,India,26.2125,78.1775
Ottawa,Canada,45.4247,-75.6950
Haicheng,China,40.8824,122.6852
Jianguang,China,28.1958,115.7833
Goyang,"Korea, South",37.6500,126.8000
Sendai,Japan,38.2682,140.8694
Xibeijie,China,39.7334,98.4943
Chandigarh,India,30.7500,76.7800
Voronezh,Russia,51.6717,39.2106
Managua,Nicaragua,12.1364,-86.2514
Zhongwei,China,37.5002,105.1968
Jiancheng,China,30.3800,104.5300
Mersin,Turkey,36.8000,34.6333
Shouguang,China,36.8570,118.7910
Liangshi,China,27.2600,111.7442
Sao Luis,Brazil,-2.5300,-44.3028
Jodhpur,India,26.2800,73.0200
Memphis,United States,35.1087,-89.9663
Matola,Mozambique,-25.9667,32.4667
Ogbomoso,Nigeria,8.1333,4.2500
Sanya,China,18.2533,109.5036
Rangapukur,Bangladesh,25.5206,89.2147
Ashgabat,Turkmenistan,37.9375,58.3800
Enugu,Nigeria,6.5000,7.5000
Linhai,China,28.8500,121.1167
Perm,Russia,58.0000,56.3167
Shubra al Khaymah,Egypt,30.1286,31.2422
Monrovia,Liberia,6.3133,-10.8014
Islamabad,Pakistan,33.6931,73.0639
Xinyi,China,22.3549,110.9468
Thu Duc,Vietnam,10.8266,106.7609
Aqchah,Afghanistan,36.9114,66.1858
Odesa,Ukraine,46.4920,30.7081
Raipur,India,21.2444,81.6306
Namangan,Uzbekistan,41.0011,71.6683
Changwon,"Korea, South",35.2708,128.6631
Arequipa,Peru,-16.3989,-71.5369
Tshikapa,Congo (Kinshasa),-6.4167,20.8000
Volgograd,Russia,48.7086,44.5147
Morelia,Mexico,19.7683,-101.1894
Kota,India,25.1800,75.8300
Quetta,Pakistan,30.1833,67.0000
Oklahoma City,United States,35.4676,-97.5136
Domaa-Ahenkro,Ghana,7.2739,-2.8735
Bareilly,India,28.3667,79.4306
Liaoyuan,China,42.8880,125.1447
Stockholm,Sweden,59.3275,18.0547
Bordeaux,France,44.8400,-0.5800
Taixing,China,32.1590,120.0290
Lilongwe,Malawi,-13.9669,33.7873
Port-au-Prince,Haiti,18.5425,-72.3386
Esenyurt,Turkey,41.0342,28.6800
Pekanbaru,Indonesia,0.5092,101.4453
Bogor,Indonesia,-6.5966,106.7972
Ciudad Guayana,Venezuela,8.3667,-62.6500
Chiba,Japan,35.6073,140.1064
Kirkuk,Iraq,35.4667,44.4000
Shuizhai,China,33.4658,114.8753
Qianxi,China,27.0087,106.0323
Hartford,United States,41.7661,-72.6834
Dnipro,Ukraine,48.4675,35.0400
Baishan,China,41.9440,126.4147
Narayanganj,Bangladesh,23.6167,90.5000
Gqeberha,South Africa,-33.9581,25.6000
Huilong,China,31.8700,121.7030
Malaga,Spain,36.7194,-4.4200
Marrakech,Morocco,31.6300,-8.0089
Louisville,United States,38.1663,-85.6485
Cebu City,Philippines,10.3200,123.7500
Asmara,Eritrea,15.3358,38.9411
Coimbatore,India,11.0008,76.9633
Maceio,Brazil,-9.6658,-35.7350
Nada,China,19.5209,109.5808
Fangchenggang,China,21.6867,108.3547
Solapur,India,17.6800,75.9200
Freetown,Sierra Leone,8.4833,-13.2331
Kaiyuan,China,36.0193,113.8600
Buffalo,United States,42.9018,-78.8487
Santo Domingo Este,Dominican Republic,18.4855,-69.8734
Vientiane,Laos,17.9800,102.6300
Kermanshah,Iran,34.3369,47.0911
Kibanseke Premiere,Congo (Kinshasa),-4.4419,15.3950
Seberang Jaya,Malaysia,5.3909,100.4104
Sale,Morocco,34.0333,-6.8000
Hubli,India,15.3502,75.1376
El Alto,Bolivia,-16.5047,-68.1633
Cankaya,Turkey,39.9244,32.8856
Hwasu-dong,"Korea, South",37.1997,126.8314
Yingcheng,China,24.2100,113.4010
Fort Worth,United States,32.7817,-97.3474
Setagaya,Japan,35.6466,139.6532
Kecioren,Turkey,40.0000,32.8667
Luocheng,China,22.7689,111.5697
Jerusalem,Israel,31.7789,35.2256
Khartoum North,Sudan,15.6333,32.6333
Meishan,China,34.1670,112.8440
Mushin,Nigeria,6.5333,3.3500
Trujillo,Peru,-8.1120,-79.0288
Kitakyushu,Japan,33.8833,130.8833
Aguascalientes,Mexico,21.8760,-102.2960
Khulna,Bangladesh,22.8167,89.5500
Chihuahua,Mexico,28.6369,-106.0769
Bridgeport,United States,41.1918,-73.1954
Xin'an,China,34.2860,118.3550
Mysore,India,12.3086,76.6531
Kashgar,China,39.4681,75.9938
Songnam,"Korea, South",37.4333,127.1500
New Orleans,United States,30.0687,-89.9288
Trichinopoly,India,10.7903,78.7047
Cartagena,Colombia,10.4000,-75.5000
Qingzhou,China,36.6853,118.4796
Naples,Italy,40.8358,14.2486
Santiago del Estero,Argentina,-27.7833,-64.2667
Naucalpan de Juarez,Mexico,19.4753,-99.2378
Masbate,Philippines,12.2700,123.5800
Owerri,Nigeria,5.4850,7.0350
Taishan,China,22.2520,112.7940
Jiaozhou,China,36.2647,120.0334
Wuchuan,China,21.4410,110.7790
Wafangdian,China,39.6271,121.9796
La Plata,Argentina,-34.9211,-57.9544
Bobo-Dioulasso,Burkina Faso,11.1833,-4.2833
Ad Dammam,Saudi Arabia,26.4333,50.1000
Hanchuan,China,30.6667,113.8333
Quzhou,China,28.9702,118.8593
Donetsk,Ukraine,48.0028,37.8053
Ashmun,Egypt,30.2974,30.9764
Bunia,Congo (Kinshasa),1.5667,30.2500
Wuchang,China,44.9240,127.1580
Sao Goncalo,Brazil,-22.8269,-43.0539
Hengzhou,China,22.6799,109.2614
Feicheng,China,36.1861,116.7719
Bucaramanga,Colombia,7.1333,-73.0000
Cazenga,Angola,-8.8214,13.2911
Merida,Mexico,20.9667,-89.6167
Hegang,China,47.3501,130.2980
Osmangazi,Turkey,40.1983,29.0600
Moradabad,India,28.8319,78.7764
Bangui,Central African Republic,4.3733,18.5628
Abeokuta,Nigeria,7.1608,3.3483
Cancun,Mexico,21.1606,-86.8475
Zaoyang,China,32.1290,112.7720
Dongtai,China,32.7950,120.5190
Antipolo,Philippines,14.5842,121.1763
Taguig City,Philippines,14.5200,121.0500
Tabuk,Saudi Arabia,28.3972,36.5789
Xishan,China,27.6461,113.4970
Zhoushan,China,29.9856,122.2074
Panama City,Panama,8.9711,-79.5347
Tucson,United States,32.1541,-110.8787
Yichun,China,47.7280,128.8410
As Sulaymaniyah,Iraq,35.5500,45.4333
Klang,Malaysia,3.0223,101.5481
Tiruppur,India,11.1085,77.3411
Marseille,France,43.2964,5.3700
Gurgaon,India,28.4560,77.0290
Yangchun,China,22.1704,111.7916
Ar Ramadi,Iraq,33.4258,43.2992
Hai'an,China,32.5350,120.5630
Jalandhar,India,31.3260,75.5762
Daye,China,30.0961,114.9804
Zhongxiang,China,31.1680,112.5880
Gaomi,China,36.3833,119.7500
Teresina,Brazil,-5.0903,-42.8167
Lhasa,China,29.6534,91.1719
Ipoh,Malaysia,4.6000,101.0650
Saltillo,Mexico,25.4231,-100.9919
Aden,Yemen,12.8000,45.0333
El Paso,United States,31.8476,-106.4300
Gongzhuling,China,43.5053,124.8224
Lianyuan,China,27.6920,111.6640
Ikeja,Nigeria,6.6000,3.3500
Tyumen,Russia,57.1500,65.5333
Cochabamba,Bolivia,-17.3883,-66.1597
Portsmouth,United Kingdom,50.8058,-1.0872
Southampton,United Kingdom,50.9025,-1.4042
Hermosillo,Mexico,29.0989,-110.9542
Cheongju,"Korea, South",36.6333,127.4833
Shache,China,38.4261,77.2500
Thanh Hoa,Vietnam,19.8075,105.7764
Macheng,China,31.1730,115.0080
Akure,Nigeria,7.2500,5.1950
Ilorin,Nigeria,8.5000,4.5500
Erbil,Iraq,36.1911,44.0094
Kathmandu,Nepal,27.7100,85.3200
Turin,Italy,45.0792,7.6761
Anqiu,China,36.4780,119.2190
Yuci,China,37.6823,112.7281
Dehui,China,44.5350,125.7030
Pietermaritzburg,South Africa,-29.6167,30.3833
Durban,South Africa,-29.8833,31.0500
Saratov,Russia,51.5300,46.0350
Bhubaneshwar,India,20.2700,85.8400
Yushu,China,44.8260,126.5500
Joao Pessoa,Brazil,-7.1200,-34.8800
Samarinda,Indonesia,-0.5000,117.1378
Omaha,United States,41.2627,-96.0529
Qingping,China,34.5390,113.3910
Rongjiawan,China,29.1500,113.1024
Weichanglu,China,37.1792,119.9333
Sakai,Japan,34.5733,135.4831
Eskisehir,Turkey,39.7767,30.5206
Renqiu,China,38.6860,116.0840
Wutong,China,30.6333,120.5333
Barcelona,Venezuela,10.1403,-64.6833
Wu'an,China,36.6970,114.2040
Sao Bernardo do Campo,Brazil,-23.6939,-46.5650
McAllen,United States,26.2252,-98.2467
Narela,India,28.8500,77.1000
Bhayandar,India,19.2900,72.8500
Culiacan,Mexico,24.8069,-107.3939
N'Djamena,Chad,12.1053,15.0447
Xiashi,China,30.5333,120.6833
Cucuta,Colombia,7.8942,-72.5039
Danyang,China,32.0000,119.5860
Dongyang,China,29.2667,120.2167
Krakow,Poland,50.0614,19.9372
Oran,Algeria,35.6969,-0.6331
Pasig City,Philippines,14.5605,121.0765
Thessaloniki,Greece,40.6403,22.9356
Blantyre,Malawi,-15.7861,35.0058
Palermo,Colombia,2.8917,-75.4375
Qamdo,China,31.1430,97.1700
Karimnagar,India,18.4386,79.1288
Libreville,Gabon,0.3901,9.4544
Hejian,China,38.4466,116.0995
Seyhan,Turkey,36.9831,35.3328
Laiyang,China,36.9758,120.7136
Queretaro,Mexico,20.5875,-100.3928
Wuxi,China,26.5800,111.8410
Yiyang,China,26.4221,112.3999
Niigata,Japan,37.9161,139.0364
Vinh,Vietnam,18.6667,105.6667
Puxi,China,35.2125,114.7350
Hempstead,United States,40.6629,-73.6089
Hamamatsu,Japan,34.7108,137.7275
Zijinglu,China,34.7667,112.9667
Kumila,Pakistan,35.2500,73.5000
Xingyi,China,25.0920,104.8955
Xingcheng,China,24.1347,115.7300
Birmingham,United States,33.5279,-86.7971
Ailan Mubage,China,43.9080,81.2777
Lubango,Angola,-14.9167,13.5000
Frankfurt,Germany,50.1106,8.6822
Homs,Syria,34.7319,36.7181
Bilbao,Spain,43.2569,-2.9236
San Luis Potosi,Mexico,22.1511,-100.9761
Bucheon,"Korea, South",37.5000,126.7833
Fuyang,China,30.0553,119.9500
Korla,China,41.7259,86.1746
Khujand,Tajikistan,40.2833,69.6333
Hamhung,"Korea, North",39.9167,127.5333
Erzurum,Turkey,39.9086,41.2769
Albuquerque,United States,35.1054,-106.6465
Zagreb,Croatia,45.8131,15.9772
Al `Ayn,United Arab Emirates,24.2075,55.7447
Dodoma,Tanzania,-6.1731,35.7419
Pikine,Senegal,14.7440,-17.4021
Patiala,India,30.3400,76.3800
Bahawalpur,Pakistan,29.3956,71.6836
Qingnian,China,36.8494,115.7061
Sanhe,China,40.0167,117.0833
Kaduna,Nigeria,10.5167,7.4333
Winnipeg,Canada,49.8844,-97.1464
Baardheere,Somalia,2.3447,42.2764
Shishgarh,India,28.7200,79.3200
Leping,China,28.9780,117.1520
Colombo,Sri Lanka,6.9167,79.8333
Nerima,Japan,35.7356,139.6517
Natal,Brazil,-5.7950,-35.2089
Lichuan,China,30.2910,108.9364
Pendik,Turkey,40.8747,29.2350
Gdansk,Poland,54.3475,18.6453
Licheng,China,31.4306,119.4788
Santo Andre,Brazil,-23.6533,-46.5280
Andijon,Uzbekistan,40.7833,72.3333
Gaalkacyo,Somalia,6.7697,47.4308
Ota-ku,Japan,35.5614,139.7161
Thiruvananthapuram,India,8.5241,76.9366
Nampula,Mozambique,-15.1167,39.2667
Zhuanghe,China,39.6810,122.9670
Kyaukse,Burma,21.6131,96.1303
Tulsa,United States,36.1283,-95.9042
Chengguan,China,35.4623,113.8054
Bagcilar,Turkey,41.0344,28.8564
Bouake,Côte d’Ivoire,7.6833,-5.0331
Cabinda,Angola,-5.5600,12.1900
Kumamoto,Japan,32.8031,130.7078
Kerman,Iran,30.2625,57.0575
Lingbao Chengguanzhen,China,34.5176,110.8942
Orumiyeh,Iran,37.5439,45.0647
Quebec City,Canada,46.8139,-71.2081
Taihe,China,30.8710,105.3880
Yanggok,"Korea, South",37.6333,127.2167
Zhongba,China,31.7710,104.7550
Osogbo,Nigeria,7.7667,4.5667
Sizhan,China,38.9846,106.3828
Suohe,China,34.7833,113.3500
Xiangxiang,China,27.7186,112.5502
Hamilton,Canada,43.2567,-79.8692
Songyang,China,34.4553,113.0253
Cagayan de Oro,Philippines,8.4800,124.6500
Qian'an,China,39.9990,118.7010
Shuangqiao,China,35.0670,112.6020
Chaohucun,China,31.6244,117.8902
Manama,Bahrain,26.2233,50.5875
Zouping,China,36.8630,117.7430
Charleston,United States,32.8168,-79.9687
Uvira,Congo (Kinshasa),-3.4000,29.1500
Durgapur,India,23.5500,87.3200
An Najaf,Iraq,32.0290,44.3396
Fresno,United States,36.7830,-119.7939
Cencheng,China,22.9167,111.0000
Umraniye,Turkey,41.0311,29.1081
Sorocaba,Brazil,-23.5019,-47.4578
Guli,China,28.9000,120.0333
Sagamihara,Japan,35.5667,139.3667
Laixi,China,36.8667,120.5333
Okayama,Japan,34.6500,133.9167
Concepcion,Chile,-36.8282,-73.0514
San Pedro Sula,Honduras,15.5062,-88.0249
Mississauga,Canada,43.6000,-79.6500
Changsha,China,22.3773,112.6982
Lviv,Ukraine,49.8425,24.0322
Shihezi,China,44.3054,86.0804
Valenzuela,Philippines,14.7000,120.9800
Huambo,Angola,-12.7767,15.7347
Xichang,China,27.8944,102.2644
Guangshui,China,31.6170,113.8260
Zaporizhzhia,Ukraine,47.8500,35.1175
Bhiwandi,India,19.2967,73.0631
Gaoyou,China,32.8450,119.5080
Chengxiang,China,31.5640,121.1740
Bhilwara,India,25.3500,74.6300
Oslo,Norway,59.9133,10.7389
George Town,Malaysia,5.4136,100.3294
Bristol,United Kingdom,51.4536,-2.5975
Zunhua,China,40.1890,117.9660
Saharanpur,India,29.9639,77.5458
Yenimahalle,Turkey,39.9719,32.8119
Warangal,India,17.9689,79.5941
Nampo,"Korea, North",38.7356,125.4089
Dasmarinas,Philippines,14.3300,120.9400
Shiliguri,India,26.7100,88.4300
Boosaaso,Somalia,11.2800,49.1800
Parachinar,Pakistan,33.9000,70.1000
Latakia,Syria,35.5400,35.7800
Tongchuan,China,34.8970,108.9450
Xindi,China,29.8270,113.4760
Edogawa,Japan,35.7000,139.8833
General Santos,Philippines,6.1200,125.1700
Hamah,Syria,35.1503,36.7300
Rochester,United States,43.1680,-77.6162
Bauchi,Nigeria,10.5000,10.0000
Salem,India,11.6500,78.1500
Sinnuris,Egypt,29.4072,30.8667
Cocody,Côte d’Ivoire,5.3351,-4.0039
Lokoja,Nigeria,7.8019,6.7442
Guadalupe,Mexico,25.6775,-100.2597
Selcuklu,Turkey,37.8814,32.4922
Karbala',Iraq,32.6167,44.0333
Borvayeh-ye Al Bu `Aziz,Iran,31.6283,48.6147
City of Paranaque,Philippines,14.5008,120.9915
Taihecun,China,45.7710,131.0030
Mamak,Turkey,39.9422,32.9231
Jianshe,China,34.2137,113.7629
Zaragoza,Spain,41.6500,-0.8833
Shishi,China,24.7167,118.7000
Shizuoka,Japan,34.9756,138.3828
Agege,Nigeria,6.6219,3.3258
Mar del Plata,Argentina,-38.0000,-57.5500
Adachi,Japan,35.7833,139.8000
Pontianak,Indonesia,-0.0206,109.3414
Rasht,Iran,37.2744,49.5889
Xigaze,China,29.2500,88.8833
Cotonou,Benin,6.3667,2.4333
Tasikmalaya,Indonesia,-7.3161,108.1975
Kochi,India,9.9312,76.2673
Soledad,Colombia,10.9167,-74.7500
Shanhu,China,29.6000,120.8167
Gothenburg,Sweden,57.7075,11.9675
Acapulco de Juarez,Mexico,16.8636,-99.8825
Gorakhpur,India,26.7637,83.4039
Bahar,Iran,34.9078,48.4394
Wroclaw,Poland,51.1100,17.0325
Murcia,Spain,37.9861,-1.1303
Pinghu,China,30.7000,121.0167
Guankou,China,30.9880,103.6470
Lodz,Poland,51.7769,19.4547
Yatou,China,37.1653,122.4867
Denpasar,Indonesia,-8.6717,115.2339
Guntur,India,16.3008,80.4428
Tolyatti,Russia,53.5089,49.4222
Dayton,United States,39.7805,-84.2003
Ch'ongjin,"Korea, North",41.7833,129.7667
Zhaodong,China,46.0510,125.9620
Puyang Chengguanzhen,China,35.7004,114.9800
Bulawayo,Zimbabwe,-20.1700,28.5800
Aracaju,Brazil,-10.9111,-37.0717
Bacoor,Philippines,14.4624,120.9645
Rotterdam,Netherlands,51.9200,4.4800
Tlaquepaque,Mexico,20.6167,-103.3167
Villavicencio,Colombia,4.1500,-73.6333
Campo Grande,Brazil,-20.4686,-54.6222
Jingcheng,China,32.0090,120.2630
Makhachkala,Russia,42.9825,47.5050
Banjarmasin,Indonesia,-3.3200,114.5925
Kitwe,Zambia,-12.8167,28.2000
Catia La Mar,Venezuela,10.6000,-67.0333
Nneyi-Umuleri,Nigeria,6.3333,6.8333
Al Hufuf,Saudi Arabia,25.3608,49.5997
Dali,China,25.6811,100.3003
Jalingo,Nigeria,8.9000,11.3667
Sargodha,Pakistan,32.0836,72.6711
Karaikandi,India,24.8309,92.6143
Ch'onan,"Korea, South",36.8100,127.1475
Brampton,Canada,43.6833,-79.7667
Cape Coral,United States,26.6443,-81.9957
Haldwani,India,29.2200,79.5200
Abomey-Calavi,Benin,6.4486,2.3556
Yildirim,Turkey,40.1100,29.0821
Dhulia,India,20.8997,74.7697
Zhongshu,China,27.7919,106.4013
Durango,Mexico,24.0250,-104.6675
Songzi,China,30.1740,111.7570
Tondo,Philippines,14.6170,120.9670
Dayrut,Egypt,27.5564,30.8106
Tlalnepantla,Mexico,19.5367,-99.1947
Xiping,China,25.6005,103.8166
Osasco,Brazil,-23.5328,-46.7919
Hue,Vietnam,16.4619,107.5955
San Jose del Monte,Philippines,14.8139,121.0453
Denizli,Turkey,37.7833,29.0964
Maturin,Venezuela,9.7500,-63.1830
Honcho,Japan,35.6946,139.9826
Wuxue,China,29.8440,115.5610
Bhavnagar,India,21.7600,72.1500
Jinghong,China,22.0090,100.7970
Wugang,China,26.7266,110.6319
Sha Tin,Hong Kong,22.3802,114.1898
Provo,United States,40.2457,-111.6457
Chisinau,Moldova,47.0228,28.8353
Petaling Jaya,Malaysia,3.0833,101.6500
Colorado Springs,United States,38.8674,-104.7605
Tallinn,Estonia,59.4372,24.7453
Noida,India,28.57,77.32
Las Palmas,Spain,28.1258,-15.4353
Mission Viejo,United States,33.6096,-117.6551
Bhangar,India,22.5800,88.4200
Allentown,United States,40.5961,-75.4756
Benghazi,Libya,32.1167,20.0667
Chuxiong,China,25.0330,101.5459
Dusseldorf,Germany,51.2256,6.7767
Palermo,Italy,38.1157,13.3613
Baton Rouge,United States,30.4420,-91.1311
Makati City,Philippines,14.5567,121.0214
Ndola,Zambia,-12.9689,28.6325
Tukh,Egypt,30.3549,31.2011
Glasgow,United Kingdom,55.8611,-4.2500
Bazal'tove,Ukraine,50.6765,26.1600
Al Qatif,Saudi Arabia,26.5196,50.0115
Bhilai,India,21.2100,81.3800
Mangalore,India,12.8717,74.8425
Kaihua,China,23.3870,104.2330
Irkutsk,Russia,52.2892,104.2800
Ogden,United States,41.2279,-111.9682
Meilan,China,19.9990,110.4030
Ansan,"Korea, South",37.3167,126.8333
Barnaul,Russia,53.3486,83.7764
Bazhou,China,39.1333,116.3833
Turpan,China,42.9512,89.1895
Jos,Nigeria,9.9167,8.8903
Langzhong,China,31.5580,106.0050
Qufu,China,35.5819,116.9862
Al Mansurah,Egypt,31.0500,31.3833
Tengyue,China,25.0167,98.4833
Leipzig,Germany,51.3400,12.3750
Halwan,Egypt,29.8493,31.3327
Tan An,Vietnam,10.9050,106.6994
Port-Bouet,Côte d’Ivoire,5.2568,-3.9630
Izhevsk,Russia,56.8333,53.1833
Knoxville,United States,35.9692,-83.9496
Jurong,China,31.9460,119.1640
Arusha,Tanzania,-3.3667,36.6833
Bihta,India,25.5619,84.8700
Yuhuan,China,28.1277,121.2288
Khabarovsk,Russia,48.4833,135.0833
Etimesgut,Turkey,39.9458,32.6694
Changping,China,40.2248,116.1944
Chimalhuacan,Mexico,19.4131,-98.9839
Kandahar,Afghanistan,31.6200,65.7158
Oujda-Angad,Morocco,34.6867,-1.9114
Ruiming,China,25.8860,116.0270
Serang,Indonesia,-6.1200,106.1503
Ulyanovsk,Russia,54.3167,48.3667
Shenzhou,China,38.0020,115.5600
Jambi,Indonesia,-1.5900,103.6100
Hasanpur,India,28.7200,78.2800
Grand Rapids,United States,42.9619,-85.6562
Yukarikaraman,Turkey,36.9167,30.6833
Kuantan,Malaysia,3.8300,103.3200
Gold Coast,Australia,-28.0167,153.4000
Kawaguchi,Japan,35.8077,139.7241
Dashiqiao,China,40.6167,122.5167
Las Pinas City,Philippines,14.4500,120.9800
Cuttack,India,20.5236,85.7881
San Miguel de Tucuman,Argentina,-26.8167,-65.2167
Ar Rayyan,Qatar,25.2500,51.4000
Riga,Latvia,56.9475,24.1069
Columbia,United States,34.0378,-80.9036
Salimpur,India,26.3000,83.9167
Malanje,Angola,-9.5333,16.3500
Kryvyi Rih,Ukraine,47.9100,33.3900
Djibouti,Djibouti,11.5944,43.1481
Zhuozhou,China,39.4850,115.9740
Tianchang,China,32.6811,119.0137
Albany,United States,42.6664,-73.7987
Bacolod,Philippines,10.6765,122.9509
Garoua,Cameroon,9.3000,13.4000
Bamenda,Cameroon,5.9614,10.1517
Bafoussam,Cameroon,5.4667,10.4167
Haifa,Israel,32.8192,34.9992
Raurkela,India,22.2492,84.8828
Tunis,Tunisia,36.8064,10.1817
Tumkur,India,13.3400,77.1000
Balikpapan,Indonesia,-1.2768,116.8277
Somolu,Nigeria,6.5408,3.3872
Sanliurfa,Turkey,37.1583,38.7917
Dortmund,Germany,51.5139,7.4653
Al Mukalla,Yemen,14.5333,49.1333
Xinji,China,37.9430,115.2180
Melikgazi,Turkey,38.7167,35.5000
Kagoshima,Japan,31.5969,130.5572
Wenchang,China,31.0358,116.9367
Sihui,China,23.3265,112.7338
Irapuato,Mexico,20.6667,-101.3500
Dublin,Ireland,53.3497,-6.2603
Al Mahallah al Kubra,Egypt,30.9667,31.1667
Sialkot City,Pakistan,32.4925,74.5311
Vladivostok,Russia,43.1150,131.8853
Luocheng,China,30.9900,104.2500
Pereira,Colombia,4.8143,-75.6946
Gaza,Gaza Strip,31.5069,34.4560
Reynosa,Mexico,26.0922,-98.2778
Zahedan,Iran,29.5025,60.8558
Essen,Germany,51.4508,7.0131
Cimahi,Indonesia,-6.8712,107.5548
Wenlan,China,23.3961,103.3649
Itabashi,Japan,35.7667,139.6833
Shah Alam,Malaysia,3.0667,101.5500
Suginami-ku,Japan,35.6994,139.6364
Jaboatao dos Guararapes,Brazil,-8.1128,-35.0150
Vilnius,Lithuania,54.6872,25.2800
Kingston,Jamaica,17.9714,-76.7931
Al Mafraq,Jordan,32.3399,36.2052
At Ta'if,Saudi Arabia,21.2667,40.4167
Port Sudan,Sudan,19.6158,37.2164
Nha Trang,Vietnam,12.2450,109.1917
Tuxtla,Mexico,16.7528,-93.1167
Bakersfield,United States,35.3529,-119.0359
Dehra Dun,India,30.3450,78.0290
Bremen,Germany,53.0758,8.8072
Fu'an,China,27.1000,119.6333
Mymensingh,Bangladesh,24.7504,90.3800
Hachioji,Japan,35.6664,139.3160
Iloilo,Philippines,10.7200,122.5700
Puente Alto,Chile,-33.6167,-70.5667
Botou,China,38.0833,116.5833
Rabat,Morocco,34.0209,-6.8416
Sincan,Turkey,39.9594,32.5767
Kabinda,Congo (Kinshasa),-6.1300,24.4800
Kottayam,India,9.5916,76.5222
Kahramanmaras,Turkey,37.5833,36.9333
Shibin al Qanatir,Egypt,30.3127,31.3202
Tonala,Mexico,20.6167,-103.2333
Abu Hummus,Egypt,31.0931,30.3142
Irbid,Jordan,32.5500,35.8500
Jin'e,China,29.3394,105.2875
Macau,Macau,22.2006,113.5461
Xinxing,China,39.8667,124.1500
Surrey,Canada,49.1900,-122.8489
Yaroslavl,Russia,57.6167,39.8500
Qionghu,China,28.9450,112.5980
Dresden,Germany,51.0500,13.7400
Xinmin,China,41.9970,122.8230
New Haven,United States,41.3113,-72.9246
Antwerp,Belgium,51.2178,4.4003
Kuiju,China,36.8667,119.4000
Asansol,India,23.6800,86.9900
Bokaro Steel City,India,23.6700,86.1500
Jieshou,China,33.2570,115.3746
Bello,Colombia,6.3333,-75.5667
Kolhapur,India,16.6917,74.2333
Wencheng,China,19.6170,110.7551
Miluo Chengguanzhen,China,28.7610,113.1600
Lanxi,China,29.2080,119.4580
Zhenzhou,China,32.2723,119.1848
Des Moines,United States,41.5725,-93.6105
Nava Raipur,India,21.1610,81.7870
Gaizhou,China,40.4000,122.3500
Leling,China,37.7300,117.2320
Genoa,Italy,44.4072,8.9340
Ensenada,Mexico,31.8578,-116.6058
Herat,Afghanistan,34.3419,62.2031
Uyo,Nigeria,5.0333,7.9275
Hamadan,Iran,34.8064,48.5161
Chiclayo,Peru,-6.7630,-79.8366
Surakarta,Indonesia,-7.5667,110.8167
Ajmer,India,26.4499,74.6399
Braunschweig,Germany,52.2667,10.5167
Nanded,India,19.1500,77.3000
Wuhai,China,39.6550,106.7940
Palma,Spain,39.5667,2.6500
Rustenburg,South Africa,-25.6667,27.2428
Amravati,India,20.9258,77.7647
Lisbon,Portugal,38.7122,-9.1340
Yanji,China,42.9000,129.5000
The Hague,Netherlands,52.0800,4.3100
Hannover,Germany,52.3667,9.7167
Sevastopol,Ukraine,44.6050,33.5225
Palm Bay,United States,27.9631,-80.6593
Manchester,United Kingdom,53.4790,-2.2452
Nellore,India,14.4431,79.9861
Poznan,Poland,52.4083,16.9336
Ibague,Colombia,4.4333,-75.2333
Wancheng,China,18.8000,110.4000
Tomsk,Russia,56.5000,84.9667
Sungai Petani,Malaysia,5.6497,100.4793
Xinshi,China,31.1333,113.1167
Kemerovo,Russia,55.3667,86.0667
Naberezhnyye Chelny,Russia,55.6833,52.3167
Valledupar,Colombia,10.4833,-73.2500
Muntinlupa City,Philippines,14.3800,121.0500
K'ebri Beyah,Ethiopia,9.0833,43.0833
Luofeng,China,37.3590,120.3960
Ghulja,China,43.9000,81.3500
Ixtapaluca,Mexico,19.3186,-98.8822
Fuding,China,27.2000,120.2000
Heroica Matamoros,Mexico,25.8797,-97.5042
Mbeya,Tanzania,-8.9000,33.4500
An Nasiriyah,Iraq,31.0439,46.2575
Al Hillah,Iraq,32.4833,44.4333
Lingyuan,China,41.2500,119.4000
Juiz de Fora,Brazil,-21.7642,-43.3503
Guixi,China,28.2925,117.2454
City of Calamba,Philippines,14.2200,121.1700
Sao Jose dos Campos,Brazil,-23.1789,-45.8869
Akron,United States,41.0798,-81.5219
El Geneina,Sudan,13.4500,22.4400
Contagem,Brazil,-19.9319,-44.0539
Santa Cruz,Spain,28.4667,-16.2500
Agadir,Morocco,30.4214,-9.5831
Orenburg,Russia,51.7833,55.1000
Nilufer,Turkey,40.2833,28.9500
Leeds,United Kingdom,53.7975,-1.5436
Kassala,Sudan,15.4500,36.4000
Aksu,China,41.1850,80.2904
Salta,Argentina,-24.7833,-65.4167
Dispur,India,26.1397,91.7925
Gulbarga,India,17.3290,76.8250
Nansana,Uganda,0.3639,32.5286
Kimhae,"Korea, South",35.2342,128.8811
Novokuznetsk,Russia,53.7667,87.1333
Beira,Mozambique,-19.8333,34.8500
Balashikha,Russia,55.8167,37.9667
Yazd,Iran,31.8822,54.3397
Ardabil,Iran,38.2517,48.2975
Touba,Senegal,14.8667,-15.8833
Bikaner,India,28.0167,73.3119
Gaobeidian,China,39.3270,115.8740
Mixco,Guatemala,14.6331,-90.6064
Himeji,Japan,34.8167,134.6833
Bandar `Abbas,Iran,27.1961,56.2878
Nuremberg,Germany,49.4539,11.0775
Concord,United States,37.9722,-122.0016
Van,Turkey,38.4942,43.3800
Port Said,Egypt,31.2625,32.3061
Koto-ku,Japan,35.6667,139.8167
Ciudad Apodaca,Mexico,25.7817,-100.1886
Kitchener,Canada,43.4186,-80.4728
Agartala,India,23.8314,91.2869
Soacha,Colombia,4.5872,-74.2214
Buca,Turkey,38.3500,27.1667
Maipu,Chile,-33.5167,-70.7667
Arak,Iran,34.0914,49.6933
Lyon,France,45.7600,4.8400
Tultitlan de Mariano Escobedo,Mexico,19.6450,-99.1694
Ryazan,Russia,54.6300,39.7425
Meknes,Morocco,33.8950,-5.5547
Luanzhou,China,39.7410,118.7040
Al Fayyum,Egypt,29.3000,30.8333
Utsunomiya,Japan,36.5550,139.8825
Sheffield,United Kingdom,53.3808,-1.4703
Chanda,India,19.9500,79.2970
Suez,Egypt,29.9667,32.5333
Heshan,China,22.7667,112.9500
Loni,India,28.7500,77.2800
Jiaji,China,19.2431,110.4642
Qaraghandy,Kazakhstan,49.8028,73.1056
Santa Marta,Colombia,11.2419,-74.2053
Ujjain,India,23.1700,75.7900
Abu Tisht,Egypt,26.1204,32.0954
Samarkand,Uzbekistan,39.6547,66.9758
Liverpool,United Kingdom,53.4072,-2.9917
Macapa,Brazil,0.0330,-51.0500
Benguela,Angola,-12.5500,13.4167
Cuito,Angola,-12.3833,16.9333
Al Fashn,Egypt,28.8231,30.8990
Toulouse,France,43.6045,1.4440
Al `Amarah,Iraq,31.8333,47.1500
Carrefour,Haiti,18.5333,-72.4000
Campos,Brazil,-21.7523,-41.3304
Cadaado,Somalia,6.1393,46.6241
Meihekou,China,42.5407,125.7107
Kenitra,Morocco,34.2500,-6.5833
Newcastle,South Africa,-27.7464,29.9328
Mesa,United States,33.4015,-111.7178
Jhansi,India,25.4486,78.5696
Matsuyama,Japan,33.8333,132.7667
Ulhasnagar,India,19.2200,73.1500
Ribeirao Preto,Brazil,-21.1776,-47.8101
Pohang,"Korea, South",36.0322,129.3650
Duisburg,Germany,51.4347,6.7625
Jammu,India,32.7300,74.8700
Ile-Ife,Nigeria,7.4833,4.5592
Wichita,United States,37.6895,-97.3443
Mazatlan,Mexico,23.2167,-106.4167
Uberlandia,Brazil,-18.9189,-48.2769
Homyel',Belarus,52.4453,30.9842
Aves,Portugal,41.3703,-8.4101
Sintra,Portugal,38.7974,-9.3904
Vila Nova de Gaia,Portugal,41.1333,-8.6167
Porto,Portugal,41.1495,-8.6108
Cascais,Portugal,38.6972,-9.4217
Loures,Portugal,38.8309,-9.1684
Seixal,Portugal,38.6428,-9.1061
Braga,Portugal,41.5503,-8.4200
Almada,Portugal,38.6803,-9.1583
Matosinhos,Portugal,41.1867,-8.6844
Oeiras,Portugal,38.6970,-9.3017
Amadora,Portugal,38.7500,-9.2333
Gondomar,Portugal,41.1500,-8.5333
Guimaraes,Portugal,41.4450,-8.2908
Odivelas,Portugal,38.8000,-9.1833
Coimbra,Portugal,40.2111,-8.4289
Vila Franca de Xira,Portugal,38.9500,-8.9833
Maia,Portugal,41.2333,-8.6167
Famalicao,Portugal,41.4144,-8.5222
Leiria,Portugal,39.7431,-8.8069
Barcelos,Portugal,41.5333,-8.6167
Funchal,Portugal,32.6500,-16.9167
Viseu,Portugal,40.6575,-7.9139
Valongo,Portugal,41.1833,-8.5000
Viana do Castelo,Portugal,41.7000,-8.8333
Paredes,Portugal,41.2000,-8.3333
Vila do Conde,Portugal,41.3500,-8.7500
Torres Vedras,Portugal,39.0833,-9.2667
Aveiro,Portugal,40.6389,-8.6553
Barreiro,Portugal,38.6631,-9.0725
Queluz,Portugal,38.7566,-9.2545
Mafra,Portugal,38.9333,-9.3333
Penafiel,Portugal,41.2000,-8.2833
Santo Tirso,Portugal,41.3425,-8.4775
Loule,Portugal,37.1440,-8.0235
Ponta Delgada,Portugal,37.7400,-25.6700
Moita,Portugal,38.6500,-8.9833
Faro,Portugal,37.0161,-7.9350
Povoa de Varzim,Portugal,41.3828,-8.7628
Palmela,Portugal,38.5675,-8.8991
Santarem,Portugal,39.2333,-8.6833
Figueira da Foz,Portugal,40.1508,-8.8618
Portimao,Portugal,37.1333,-8.5333
Felgueiras,Portugal,41.3667,-8.2000
Pacos de Ferreira,Portugal,41.2833,-8.3833
Amarante,Portugal,41.2728,-8.0825
Castelo Branco,Portugal,39.8228,-7.4931
Ovar,Portugal,40.8597,-8.6253
Pombal,Portugal,39.9161,-8.6281
Alcobaca,Portugal,39.5522,-8.9775
Evora,Portugal,38.5667,-7.9000
Marco de Canavezes,Portugal,41.1833,-8.1500
Vila Real,Portugal,41.2953,-7.7461
Covilha,Portugal,40.2833,-7.5000
Caldas da Rainha,Portugal,39.4069,-9.1363
Montijo,Portugal,38.7049,-8.9757
Rio Tinto,Portugal,41.1833,-8.5667
Fafe,Portugal,41.4500,-8.1667
Sesimbra,Portugal,38.4437,-9.0996
Amora,Portugal,38.6265,-9.1189
Vila Verde,Portugal,41.6484,-8.4367
Agueda,Portugal,40.5745,-8.4480
Vale de Cavalos,Portugal,38.6500,-9.1500
Lousada,Portugal,41.2833,-8.2833
Rio de Mouro,Portugal,38.7689,-9.3327
Corroios,Portugal,38.6147,-9.1508
Ourem,Portugal,39.6500,-8.5833
Olhao,Portugal,37.0278,-7.8389
Albufeira,Portugal,37.0889,-8.2511
Ponte de Lima,Portugal,41.7667,-8.5833
Alenquer,Portugal,39.0531,-9.0092
Santa Cruz,Portugal,32.6750,-16.8309
Guarda,Portugal,40.5364,-7.2683
Chaves,Portugal,41.7399,-7.4707
Tomar,Portugal,39.6000,-8.4167
Abrantes,Portugal,39.4667,-8.2000
Marinha Grande,Portugal,39.7478,-8.9322
Trofa,Portugal,41.3374,-8.5596
Mafamude,Portugal,41.1152,-8.6036
Ermezinde,Portugal,41.2133,-8.5472
Silves,Portugal,37.1833,-8.4333
Torres Novas,Portugal,39.4833,-8.5333
Cantanhede,Portugal,40.3464,-8.5942
Beja,Portugal,38.0150,-7.8633
Agualva,Portugal,38.7700,-9.2988
Camara de Lobos,Portugal,32.6500,-16.9667
Angra do Heroismo,Portugal,38.6558,-27.2153
Braganca,Portugal,41.8000,-6.7500
Esposende,Portugal,41.5333,-8.7833
Ribeira Grande,Portugal,37.8167,-25.5167
Ilhavo,Portugal,40.6000,-8.6667
Lagos,Portugal,37.1000,-8.6667
Espinho,Portugal,41.0100,-8.6400
Charneca,Portugal,38.6167,-9.1833
Santiago do Cacem,Portugal,38.0167,-8.7000
Perafita,Portugal,41.2239,-8.6989
Povoa de Santa Iria,Portugal,38.8562,-9.0685
Fundao,Portugal,40.1333,-7.5000
Benavente,Portugal,38.9833,-8.8167
Senhora da Hora,Portugal,41.1856,-8.6508
Tondela,Portugal,40.5164,-8.0808
Arrentela,Portugal,38.6267,-9.1036
Massama,Portugal,38.7568,-9.2748
Anadia,Portugal,40.4333,-8.4333
Aguas Santas,Portugal,41.2106,-8.5866
Estarreja,Portugal,40.7500,-8.5667
Lamego,Portugal,41.0975,-7.8100
Peniche,Portugal,39.3633,-9.3792
Estoril,Portugal,38.7057,-9.3977
Montemor-o-Velho,Portugal,40.1725,-8.6847
Tavira,Portugal,37.1309,-7.6506
Odemira,Portugal,37.5833,-8.6333
Lourinha,Portugal,39.2425,-9.3122
Albergaria-a-Velha,Portugal,40.6936,-8.4806
Pinhal Novo,Portugal,38.6297,-8.9136
Portalegre,Portugal,39.3167,-7.4167
Cartaxo,Portugal,39.1619,-8.7864
Porto de Mos,Portugal,39.6000,-8.8167
Pontinha,Portugal,38.7678,-9.1994
Mirandela,Portugal,41.4833,-7.1833
Vizela,Portugal,41.3833,-8.3000
Almeirim,Portugal,39.2090,-8.6164
Canico,Portugal,32.6412,-16.8504
Sao Mamede de Infesta,Portugal,41.1934,-8.6143
Fanzeres,Portugal,41.1667,-8.5333
Oliveira do Bairro,Portugal,40.5167,-8.5000
Lagoa,Portugal,37.1347,-8.4528
Vale de Cambra,Portugal,40.8500,-8.4000
Vagos,Portugal,40.5553,-8.6814
Arcos de Valdevez,Portugal,41.8500,-8.4167
Arouca,Portugal,40.9289,-8.2436
Lordelo do Ouro,Portugal,41.1532,-8.6509
Salvaterra de Magos,Portugal,39.0253,-8.7933
Meixedo,Portugal,41.8522,-6.7706
Povoa de Lanhoso,Portugal,41.5667,-8.2667
Machico,Portugal,32.7000,-16.7667
Azambuja,Portugal,39.0667,-8.8667
Seia,Portugal,40.4203,-7.7033
Sao Joao da Madeira,Portugal,40.9000,-8.5000
Bougado,Portugal,41.3306,-8.5371
Cacem,Portugal,38.7704,-9.3081
Vialonga,Portugal,38.8740,-9.0834
Rio Maior,Portugal,39.3333,-8.9333
Belas,Portugal,38.7772,-9.2608
Praia da Vitoria,Portugal,38.7333,-27.0667
Laranjeira,Portugal,38.6567,-9.1497
Oliveira do Hospital,Portugal,40.3667,-7.8667
Ul,Portugal,40.8192,-8.4990
Oliveira de Azemeis,Portugal,40.8400,-8.4764
Elvas,Portugal,38.8800,-7.1628
Baiao,Portugal,41.1667,-8.0333
Costas de Cao,Portugal,38.6640,-9.2000
Caparica,Portugal,38.6683,-9.1900
Mealhada,Portugal,40.3781,-8.4514
Cinfaes,Portugal,41.0667,-8.0833
Entroncamento,Portugal,39.4667,-8.4667
Celorico de Basto,Portugal,41.3869,-8.0022
Alfena,Portugal,41.2381,-8.5253
Coruche,Portugal,38.9581,-8.5283
Piedade,Portugal,38.6703,-9.1595
Soure,Portugal,40.0688,-8.6277
Moncao,Portugal,42.0733,-8.4800
Vila Real de Santo Antonio,Portugal,37.2000,-7.4167
Amares,Portugal,41.6333,-8.3500
Camarate,Portugal,38.8062,-9.1412
Sacavem,Portugal,38.7944,-9.1053
Mangualde,Portugal,40.6058,-7.7658
Santa Iria da Azoia,Portugal,38.8464,-9.0881
Sao Tiago de Custoias,Portugal,41.2069,-8.6485
Parede,Portugal,38.6933,-9.3569
Lousa,Portugal,40.1125,-8.2469
Alcochete,Portugal,38.7553,-8.9608
Montemor-o-Novo,Portugal,38.6500,-8.2167
Peso da Regua,Portugal,41.1632,-7.7890
Condeixa-a-Nova,Portugal,40.1167,-8.5000
Sao Pedro do Sul,Portugal,40.7500,-8.0667
Sobrado de Paiva,Portugal,41.0444,-8.2769
Ponte de Sor,Portugal,39.2478,-8.0097
Cabeceiras de Basto,Portugal,41.5167,-8.0000
Quarteira,Portugal,37.0695,-8.1006
Serta,Portugal,39.8008,-8.1003
Batalha,Portugal,39.6603,-8.8247
Macedo de Cavaleiros,Portugal,41.5333,-6.9500
Ramada,Portugal,38.8036,-9.1911
Serpa,Portugal,37.9333,-7.5833
Castro Daire,Portugal,40.9000,-7.9333
Penacova,Portugal,40.2667,-8.2667
Moura,Portugal,38.1397,-7.4505
Sobreda,Portugal,38.6496,-9.1898
Nazare,Portugal,39.6000,-9.0667
Grandola,Portugal,38.1768,-8.5689
Anta,Portugal,41.0073,-8.6250
Falagueira,Portugal,38.7589,-9.2261
Cadaval,Portugal,39.2500,-9.1000
Lagoa,Portugal,37.7500,-25.5833
Valbom,Portugal,41.1333,-8.5667
Horta,Portugal,38.5333,-28.6333
Estremoz,Portugal,38.8422,-7.5881
Sines,Portugal,37.9547,-8.8642
Sao Martinho do Bispo,Portugal,40.2092,-8.4765
Valenca,Portugal,42.0282,-8.6339
Gouveia,Portugal,40.5000,-7.6000
Nelas,Portugal,40.5167,-7.8500
Gafanha da Nazare,Portugal,40.6333,-8.7167
Alcanena,Portugal,39.4589,-8.6689
Arruda dos Vinhos,Portugal,38.9833,-9.0667
Ribeira Brava,Portugal,32.6722,-17.0639
Aldeia de Paio Pires,Portugal,38.6272,-9.0761
Fatima,Portugal,39.6256,-8.6658
Bombarral,Portugal,39.2672,-9.1581
Vila Pouca de Aguiar,Portugal,41.4833,-7.6333
Miranda do Corvo,Portugal,40.1000,-8.3333
Lamacaes,Portugal,41.5444,-8.3947
Alcacer do Sal,Portugal,38.3725,-8.5133
Vieira do Minho,Portugal,41.6333,-8.1333
Moreira,Portugal,41.2486,-8.6497
Aldoar,Portugal,41.1695,-8.6671
Sao Felix da Marinha,Portugal,41.0339,-8.6233
Sabugal,Portugal,40.3519,-7.0894
Mira,Portugal,40.4285,-8.7363
Satao,Portugal,40.7333,-7.7167
Arcozelo,Portugal,41.0555,-8.6395
Sever do Vouga,Portugal,40.7167,-8.3667
Arganil,Portugal,40.2183,-8.0542
Tabua,Portugal,40.3667,-8.0333
Ponte da Barca,Portugal,41.8078,-8.4194
Eiras,Portugal,40.2421,-8.4240
Alijo,Portugal,41.2764,-7.4749
Vendas Novas,Portugal,38.6780,-8.4555
Portela,Portugal,38.7828,-9.1111
Costa de Caparica,Portugal,38.6446,-9.2356
Obidos,Portugal,39.3620,-9.1571
Ansiao,Portugal,39.9167,-8.4333
Santa Comba Dao,Portugal,40.3981,-8.1303
Calheta,Portugal,32.7333,-17.1667
Esmoriz,Portugal,40.9620,-8.6295
Sao Joao das Lampas,Portugal,38.8700,-9.4211
Resende,Portugal,41.1000,-7.9500
Vila Frescainha,Portugal,41.5385,-8.6397
Feira,Portugal,40.9254,-8.5428
Avintes,Portugal,41.1066,-8.5515
Reguengos de Monsaraz,Portugal,38.4167,-7.5333
Oliveirinha,Portugal,40.6078,-8.5914
Valadares,Portugal,41.0937,-8.6392
Sao Bras de Alportel,Portugal,37.1500,-7.8833
Santo Andre,Portugal,38.0667,-8.7833
Murtosa,Portugal,40.7369,-8.6386
Sao Joao de Ver,Portugal,40.9536,-8.5508
Grijo,Portugal,41.0306,-8.5815
Vouzela,Portugal,40.7231,-8.1122
Montalegre,Portugal,41.8239,-7.7900
Cunha Alta,Portugal,40.6017,-7.6936
Melres,Portugal,41.0686,-8.3983
Vila Franca do Campo,Portugal,37.7167,-25.4333
Estreito de Camara de Lobos,Portugal,32.6667,-16.9833
Oliveira de Frades,Portugal,40.7314,-8.1767
Ericeira,Portugal,38.9628,-9.4153
Moimenta da Beira,Portugal,40.9819,-7.6158
Sobral de Monte Agraco,Portugal,39.0167,-9.1500
Setubal,Portugal,38.5243,-8.8926
Praia do Carvoeiro,Portugal,37.1000,-8.4667
Santa Clara,Portugal,40.1908,-8.4383
Maceira,Portugal,39.6897,-8.9000
Trancoso,Portugal,40.7833,-7.3500
Carregal do Sal,Portugal,40.4333,-8.0000
Idanha-a-Nova,Portugal,39.9197,-7.2367
Guifoes,Portugal,41.2011,-8.6650
Pinhel,Portugal,40.7833,-7.0667
Mortagua,Portugal,40.3947,-8.2328
Tavarede,Portugal,40.1664,-8.8444
Aljustrel,Portugal,37.8775,-8.1653
Melgaco,Portugal,42.1167,-8.2667
Paredes de Coura,Portugal,41.9111,-8.5597
Gondizalves,Portugal,41.5426,-8.4553
Rebordosa,Portugal,41.2167,-8.4167
Vinhais,Portugal,41.8167,-7.0000
Carregado,Portugal,39.0167,-8.9667
Caxias,Portugal,38.7000,-9.2833
Almargem,Portugal,38.8475,-9.2714
Aver-o-Mar,Portugal,41.4039,-8.7690
Vila Nova de Cerveira,Portugal,41.9400,-8.7444
Ponta do Sol,Portugal,32.6811,-17.1042
Rabo de Peixe,Portugal,37.8100,-25.5856
Lourosa,Portugal,40.9833,-8.5500
Ferreira do Zezere,Portugal,39.7000,-8.2833
Torre de Moncorvo,Portugal,41.2000,-7.1333
Chamusca,Portugal,39.3594,-8.4808
